John,Doe,30,555-1234,True
Jane,Smith,25,555-5678,False
Michael,Johnson,40,555-8765,True
Emily,Davis,35,555-4321,False
Chris,Brown,28,555-6789,True
Jessica,Wilson,22,555-9876,False
David,Moore,45,555-3456,True
Sarah,Taylor,32,555-6543,False
Daniel,Anderson,38,555-7890,True
Laura,Thomas,27,555-0987,False
John,Doe,30,555-1234,True
Jane,Smith,25,555-5678,False
Michael,Johnson,40,555-8765,True
Emily,Davis,35,555-4321,False
Chris,Brown,28,555-6789,True
Jessica,Wilson,22,555-9876,False
David,Moore,45,555-3456,True
Sarah,Taylor,32,555-6543,False
Daniel,Anderson,38,555-7890,True
Laura,Thomas,27,555-0987,False
gggg,gggggg,33,44444,False
rrrrr,rrrr,0,343434,False
